Name,Race,Race_Specific
50 Cent,POC,Black
A.J. Johnson,POC,Black
A.J. Khan,POC,Black
Aaliyah,POC,Black
Aarón Díaz,POC,Hispanic
Aaron Ikeda,POC,Asian
Aasha Davis,POC,Black
Abie Ekenezar,POC,Black
Abiola Ogunbiyi,POC,Black
Abraham Lim,POC,Asian
Adaku Ononogbo,POC,Black
Adam Garcia,POC,Hispanic
Adam Irigoyen,POC,Hispanic
Adam Rodriguez,POC,Hispanic
Adan Canto,POC,Hispanic
Adele Givens,POC,Black
Adella Gautier,POC,Black
Adelyne Liu,POC,Asian
Adenrele Ojo,POC,Black
Adepero Oduye,POC,Black
Adi Alfa,POC,Black
Adina Porter,POC,Black
Adiz Benson,POC,Black
Adria Arjona,POC,Hispanic
Adriana Barraza,POC,Hispanic
Aeriél Miranda,POC,Black
Aimee Carrero,POC,Hispanic
Aimee Garcia,POC,Hispanic
AirRese Marie,POC,Black
Aisha Bryant,POC,Black
Aisha Hinds,POC,Black
Aisha Kabia,POC,Black
Aisha Tyler,POC,Black
Aisling Sistrunk,POC,Black
Aislinn Derbez,POC,Hispanic
Aïssa Maïga,POC,Black
Aja Naomi King,POC,Black
Ajarae Coleman,POC,Black
Akosua Adoma Owusu,POC,Black
Akosua Busia,POC,Black
Akua Santewa,POC,Black
Alain Uy,POC,Asian
Alana De La Garza,POC,Hispanic
Alana Ethridge,POC,Black
Alana Gordillo,POC,Black
Alberto Ammann,POC,Hispanic
Alberto Iglesias,POC,Hispanic
Alberto Rosende,POC,Hispanic
Alê Abreu,POC,Hispanic
Alec Mapa,POC,Asian
Aleia Kristene,POC,Black
Aleisha Allen,POC,Black
Alejandro Amenábar,POC,Hispanic
Alejandro Fernández Almendras,POC,Hispanic
Alejandro G. Iñárritu,POC,Hispanic
Alek Wek,POC,Black
Alerita Wynn,POC,Black
Álex González,POC,Hispanic
Alex Mallari Jr.,POC,Asian
Alex Marshall-Brown,POC,Black
Alex Meneses,POC,Hispanic
Alex Meraz,POC,Hispanic
Alex Rodríguez,POC,Hispanic
Alexa PenaVega,POC,Hispanic
Alexandra Grey,POC,Black
Alexis Fields,POC,Black
Alexis Jordan,POC,Black
Alexis Llewellyn,POC,Black
Alexis Louder,POC,Black
Alexis Suarez,POC,Hispanic
Alfonso Cuarón,POC,Hispanic
Alfonso Gomez-Rejon,POC,Hispanic
Alfonso Herrera,POC,Hispanic
Alfre Woodard,POC,Black
Alfred Molina,POC,Hispanic
Alfredo Castro,POC,Hispanic
Alfredo Narciso,POC,Hispanic
Algerita Wynn,POC,Black
Ali Chapman,POC,Black
Ali Stolar,POC,Black
Alice Braga,POC,Hispanic
Alice Rose,POC,Black
Alicia Keys,POC,Black
Alicia Monet Caldwell,POC,Black
Alicia Sixtos,POC,Hispanic
Alif Sankey,POC,Black
Alison Fernandez,POC,Hispanic
Aliza Pearl,POC,Black
Allegra Acosta,POC,Hispanic
Allen Maldonado,POC,Hispanic
Aloma Wright,POC,Black
Alycia Pascual-Pena,POC,Hispanic
Alysia Joy Powell,POC,Black
Alyssa Diaz,POC,Hispanic
Ama K. Abebrese,POC,Black
Amanda Christine,POC,Black
Amanda Payton,POC,Black
Amanda Seales,POC,Black
Amanda Van Annan,POC,Black
Amanda Westlake,POC,Asian
Amandla Stenberg,POC,Black
Amaury Nolasco,POC,Hispanic
Amber Kain,POC,Black
Amber Riley,POC,Black
Amber Stevens West,POC,Black
Ambrit Millhouse,POC,Black
Ambrosia Kelley,POC,Black
Amelia Marshall,POC,Black
America Ferrera,POC,Hispanic
Amerie,POC,Black
Amiya Steed,POC,Black
Amy Dionne,POC,Black
Ana de Armas,POC,Hispanic
Ana de la Reguera,POC,Hispanic
Ana Foxx,POC,Black
Ana Ortiz,POC,Hispanic
Ana Villafañe,POC,Hispanic
Anabelle Acosta,POC,Hispanic
Ananda Lewis,POC,Black
Andi Osho,POC,Black
André 3000,POC,Black
Andrea Ellsworth,POC,Black
Andrea Lyman,POC,Black
Andrea N. Winters,POC,Black
Andrea Navedo,POC,Hispanic
Andrea Suarez Paz,POC,Hispanic
Andrene Ward-Hammond,POC,Black
Andrew Jacobs,POC,Hispanic
Andrew Jimenez,POC,Hispanic
Andy Garcia,POC,Hispanic
Andy Lau,POC,Asian
Andy Muschietti,POC,Hispanic
Andy T. Tran,POC,Asian
Anele Lundborg,POC,Black
Angel Coulby,POC,Black
Angel Laketa Moore,POC,Black
Angel Parker,POC,Black
Angela Ardis,POC,Black
Angela Bassett,POC,Black
Angela Elayne Gibbs,POC,Black
Angela Frye,POC,Black
Angela Griffin,POC,Black
Angela Matemotja,POC,Black
Angela Ray,POC,Black
Angelica Lisk-Hann,POC,Black
Angelique Bates,POC,Black
Angelique Cabral,POC,Hispanic
Angelique Cinelu,POC,Black
Angell Conwell,POC,Black
Angelle Brooks,POC,Black
Angellica Bell,POC,Black
Angie Stone,POC,Black
Anika Noni Rose,POC,Black
Anisa Nyell Johnson,POC,Black
Anise Fuller,POC,Black
Anita Maria Taylor,POC,Black
Anjela Lauren Smith,POC,Black
Ann Wolfe,POC,Black
Anna Diop,POC,Black
Anna Maria Horsford,POC,Black
Anne-Marie Johnson,POC,Black
Annie Golden,POC,Hispanic
Annie Ilonzeh,POC,Black
Anthony Anderson,POC,Black
Anthony Mendez,POC,Hispanic
Anthony Quinn,POC,Hispanic
Anthony Ramos,POC,Hispanic
Antoinette Robertson,POC,Black
Antonio Banderas,POC,Hispanic
Antonio Campos,POC,Hispanic
Antonio Jaramillo,POC,Hispanic
Anya Engel-Adams,POC,Black
Anya Taylor-Joy,POC,Hispanic
Aoni Ma,POC,Asian
April Barnett,POC,Black
April Clark,POC,Black
April Grace,POC,Black
April Parker Jones,POC,Black
April Yvette Thompson,POC,Black
Arden Cho,POC,Asian
Aree Davis,POC,Black
Aretha Franklin,POC,Black
Ariadna Gutiérrez-Arévalo,POC,Hispanic
Ariana DeBose,POC,Hispanic
Ariana Grande,POC,Hispanic
Ariel Thompson,POC,Black
Arika Gluck,POC,Black
Arisa Cox,POC,Black
Arissa Hill,POC,Black
Ariyan A. Johnson,POC,Black
Armando Bo,POC,Hispanic
Arnetia Walker,POC,Black
Arsenio Hall,POC,Black
Arthel Neville,POC,Black
Arturo Castro,POC,Hispanic
Ase Wang,POC,Asian
Ash Santos,POC,Black
Ashanti,POC,Black
Ashdyn Unique Neal,POC,Black
Ashlei Foushee,POC,Black
Ashlei Sharpe Chestnut,POC,Black
Ashley Blaine Featherson,POC,Black
Ashley Dyke,POC,Black
Ashley John,POC,Black
Ashley Love-Mills,POC,Black
Ashley Shanea,POC,Black
Ashli Auguillard,POC,Black
Asia Jackson,POC,Black
Asjha Cooper,POC,Black
Atheana Ritchie,POC,Black
Atiqah Hasiholan,POC,Asian
Aubrey Plaza,POC,Hispanic
Audra McDonald,POC,Black
Aunjanue Ellis,POC,Black
Aurora James,POC,Black
Avis-Marie Barnes,POC,Black
Aya Ueto,POC,Asian
Ayana O'Shun,POC,Black
Ayo Haynes,POC,Black
Aysia Garza,POC,Black
Aysia Polk,POC,Black
B.o.B.,POC,Black
Bahni Turpin,POC,Black
Barbara Eve Harris,POC,Black
BD Wong,POC,Asian
Beatrice De Alba,POC,Hispanic
Becky G,POC,Hispanic
Bee-Be Smith,POC,Black
Belinda Owino,POC,Black
Bella Thorne,POC,Hispanic
Belle Oceanne Iradukunda,POC,Black
Benicio Del Toro,POC,Hispanic
Benito Martinez,POC,Hispanic
Benjamin Bratt,POC,Hispanic
Bérénice Bejo,POC,Hispanic
Berlinda Tolbert,POC,Black
Bernadette Beck,POC,Black
Bernadette Speakes,POC,Black
Bernie Mac,POC,Black
BernNadette Stanis,POC,Black
Bethany Antonia,POC,Black
Betty Gabriel,POC,Black
Betty Okino,POC,Black
Beyoncé,POC,Black
Bianca A. Santos,POC,Hispanic
Bianca Bonnie,POC,Black
Bianca Buck,POC,Black
Bianca DeGroat,POC,Black
Bianca Lawson,POC,Black
Bianca Red Arrow,POC,Black
Bibi Nshimba,POC,Black
Big Pun,POC,Black
Bill Cobbs,POC,Black
Bill Cosby,POC,Black
Bill Nunn,POC,Black
Billie Holiday,POC,Black
Billy Dee Williams,POC,Black
Birgundi Baker,POC,Black
Blesst Bowden,POC,Black
Bob Morley,POC,Asian
Bobby Cannavale,POC,Hispanic
Bobby Lashley,POC,Black
Booker Huffman,POC,Black
Borja Cobeaga,POC,Hispanic
Brandee Steger,POC,Black
Brandhyze Stanley,POC,Black
Brandy Norwood,POC,Black
Bráulio Mantovani,POC,Hispanic
Brenda Crichlow,POC,Black
Brenda Monks,POC,Black
Brenda Vivian,POC,Black
Bria Wade,POC,Black
Bridgid Coulter,POC,Black
Brie Carter,POC,Black
Britainn Aldridge,POC,Black
Britne Oldford,POC,Black
Brittany Lucio,POC,Black
Brittany Panzer,POC,Black
Brittany Perry-Russell,POC,Black
Brittany S. Hall,POC,Black
Brittany Shonka,POC,Black
Brittany-Elle Benson,POC,Black
Brittini London,POC,Black
Brittney Aleah,POC,Black
Brittney Bell,POC,Black
Brook Kerr,POC,Black
Brooke Marie Bridges,POC,Black
Brooklyn Sudano,POC,Black
Bruce Lee,POC,Asian
Bruno Barreto,POC,Hispanic
Bruno Mars,POC,Hispanic
Byron Balasco,POC,Hispanic
Cab Calloway,POC,Black
Caitlin Stryker,POC,Black
Callie Hernandez,POC,Hispanic
Cam Newton,POC,Black
Cameron Diaz,POC,Hispanic
Camila Mendes,POC,Hispanic
Camilla Belle,POC,Hispanic
Camille Hyde,POC,Black
Camille Tucker,POC,Black
Camille Winbush,POC,Black
Camryn Hamm,POC,Black
Candace B. Harris,POC,Black
Candace Carey,POC,Black
Candace Edwards,POC,Black
Candace Smith,POC,Black
Candice Gordon,POC,Black
Candice Zhao,POC,Asian
Cantinflas,POC,Hispanic
Caprice Crawford,POC,Black
Carey Villegas,POC,Hispanic
Cariella Smith,POC,Black
Carl Weathers,POC,Black
Carla Baratta,POC,Hispanic
Carla Hall,POC,Black
Carla Quevedo,POC,Hispanic
Carla Renata,POC,Black
Carlease Burke,POC,Black
Carlene Moore,POC,Black
Carles Bosch,POC,Hispanic
Carlos Bardem,POC,Hispanic
Carlos Carrera,POC,Hispanic
Carlos Cuarón,POC,Hispanic
Carlos Gallardo,POC,Hispanic
Carlos Gómez,POC,Hispanic
Carlos PenaVega,POC,Hispanic
Carlos Pratts,POC,Hispanic
Carlos Saldanha,POC,Hispanic
Carlos Santana,POC,Hispanic
Carlos Saura,POC,Hispanic
Carlos Valdes,POC,Hispanic
Carmen Ejogo,POC,Black
Carmen Hayward,POC,Black
Carol Commissiong,POC,Black
CarolAnn Cooper,POC,Black
Carolina Rivera,POC,Hispanic
Caroline Chikezie,POC,Black
Caroline Muthoni Muita,POC,Black
Carolyn Davenport,POC,Black
Carolyn Michelle Smith,POC,Black
Carrie Bernans,POC,Black
Cary-Hiroyuki Tagawa,POC,Asian
Ca'Shawn Sims,POC,Black
Cashmere Bonton,POC,Black
Cassandra Braden,POC,Black
Cassandra Freeman,POC,Black
Cassi Davis,POC,Black
Cassi Maddox,POC,Black
Cassidey Fralin,POC,Black
Cat Hammons,POC,Black
Cat Navarro Lee,POC,Asian
Catalina Sandino Moreno,POC,Hispanic
Catherine A. Callahan,POC,Black
Catherine Bruhier,POC,Black
Catherine Lough Haggquist,POC,Black
Catherine Toribio,POC,Hispanic
Cauã Reymond,POC,Hispanic
CCH Pounder,POC,Black
Cecelia Antoinette,POC,Black
Cecilia Suárez,POC,Hispanic
Cedella Marley,POC,Black
Cedric the Entertainer,POC,Black
Cee Cee Michaela,POC,Black
Celestine Rae,POC,Black
César Charlone,POC,Hispanic
Challedon Saltor,POC,Black
Chandra Davis,POC,Black
Chandra Thomas,POC,Black
Chandra Wilson,POC,Black
Chanel Iman,POC,Black
Chanell Heart,POC,Black
Channing Dungey,POC,Black
Chantal Maurice,POC,Black
Chantal Thuy,POC,Asian
Chanté Moore,POC,Black
Chapter Jackson,POC,Black
Charissa Allen,POC,Black
Charli Baltimore,POC,Black
Charlia Boyer,POC,Black
Charlie Barnett,POC,Hispanic
Charnele Brown,POC,Black
Charo,POC,Hispanic
Chasty Ballesteros,POC,Asian
Chatejah George,POC,Black
Chavonne LeNoir,POC,Black
Chelsea Brown,POC,Black
Chelsea Harris,POC,Black
Chelsea Rendon,POC,Hispanic
Chelsea Tavares,POC,Black
Chene Lawson,POC,Black
Chenoa Maxwell,POC,Black
Cherie Johnson,POC,Black
Cherrelle E'Lan,POC,Black
Cheryl Freeman,POC,Black
Cheyenne Haynes,POC,Black
Chiaki Kuriyama,POC,Asian
Chika Ike,POC,Black
China Anderson,POC,Black
China Anne McClain,POC,Black
China Shavers,POC,Black
Chip Fields,POC,Black
Chiquita Fuller,POC,Black
Chizzy Akudolu,POC,Black
Chloe Bailey,POC,Black
Choice Plasencia,POC,Black
Chris Brown,POC,Black
Chris Rock,POC,Black
Chris Tashima,POC,Asian
Chris Tucker,POC,Black
Chrissie Fit,POC,Hispanic
Christian Navarro,POC,Hispanic
Christian Serratos,POC,Hispanic
Christina Aguilera,POC,Hispanic
Christina Milian,POC,Black
Christine Hollingsworth,POC,Black
Christine Horn,POC,Black
Christine Renee Miller,POC,Black
Christopher Chen,POC,Asian
Christopher Larkin,POC,Asian
Christopher Oscar Pena,POC,Hispanic
Chrystee Pharris,POC,Black
Chuanda Mason,POC,Black
Chyka Jackson,POC,Black
Chyna Layne,POC,Black
Ciara,POC,Black
Ciara Bravo,POC,Hispanic
Ciara Renée,POC,Black
Cicely Tyson,POC,Black
Cierra Ramirez,POC,Hispanic
Cindy Herron,POC,Black
Cirie Fields,POC,Black
Ciro Guerra,POC,Hispanic
Clare-Hope Ashitey,POC,Black
Clarice Taylor,POC,Black
Clarissa Thibeaux,POC,Black
Claudia Llosa,POC,Hispanic
Claudia Traisac,POC,Hispanic
Claudio Miranda,POC,Hispanic
Cleo King,POC,Black
Cleo Rinkwest,POC,Black
Clifton Collins Jr.,POC,Hispanic
Coco Johnsen,POC,Black
Coco Jones,POC,Black
Cocoa Brown,POC,Black
Coffee Wright,POC,Black
Colman Domingo,POC,Hispanic
Comfort Fedoke,POC,Black
Connie Chiume,POC,Black
Constance Ejuma,POC,Black
Constance Marie,POC,Hispanic
Coral Smith,POC,Black
Corbin Bleu,POC,Black
Corbin Reid,POC,Black
Corinne Foxx,POC,Black
Cory Fernandez,POC,Hispanic
Cote de Pablo,POC,Hispanic
Countess Vaughn,POC,Black
Courtney Brown,POC,Black
Courtney Sauls,POC,Black
Cree Armstead,POC,Black
Cree Summer,POC,Black
Cristal Casellas,POC,Black
Cristela Alonzo,POC,Hispanic
Crystal Alicia Garrett,POC,Black
Crystal Balint,POC,Black
Crystal Brown-Tatum,POC,Black
Crystal Coney,POC,Black
Crystal Fox,POC,Black
Crystal Jenious,POC,Black
Crystal Kay,POC,Black
Crystal Lee Brown,POC,Black
Crystal N. Johnson,POC,Black
Crystal Scales,POC,Black
Cuba Gooding Jr.,POC,Black
Cynda Williams,POC,Black
Cynthia Bailey,POC,Black
Cynthia Garrett,POC,Black
Cynthia Martells,POC,Black
D. Woods,POC,Black
Da Brat,POC,Black
Daisy Hobbs,POC,Black
Damián Alcázar,POC,Hispanic
Damián Szifron,POC,Hispanic
Damon Wayans,POC,Black
Damon Wayans Jr.,POC,Black
Dana Davis,POC,Black
Danai Gurira,POC,Black
Dania Ramirez,POC,Hispanic
Daniel Dae Kim,POC,Asian
Daniel Espinosa,POC,Hispanic
Daniel Giménez Cacho,POC,Hispanic
Daniel Henney,POC,Asian
Daniel Rezende,POC,Hispanic
Daniel Sunjata,POC,Hispanic
Daniel Wu,POC,Asian
Daniel Zovatto,POC,Hispanic
Daniele Lawson,POC,Black
Danièle Watts,POC,Black
Daniella Pineda,POC,Hispanic
Danielle Chambers,POC,Black
Danielle Lewis,POC,Black
Danielle Nicolet,POC,Black
Danielle Spencer,POC,Black
Danielle Vega,POC,Black
Danny Glover,POC,Black
Danny Pino,POC,Hispanic
Danny Ramirez,POC,Hispanic
Danny Trejo,POC,Hispanic
Dante Basco,POC,Asian
Daphne Reid,POC,Black
Daria Ramirez,POC,Hispanic
Dartenea Bryant,POC,Black
Dascha Polanco,POC,Hispanic
David Bianchi,POC,Hispanic
David Carranza,POC,Hispanic
David Castañeda,POC,Hispanic
David Fumero,POC,Hispanic
David Martí,POC,Hispanic
David Valdes,POC,Hispanic
David Zayas,POC,Hispanic
Dawn Gilliam,POC,Black
Dawn-Lyen Gardner,POC,Black
Dawnn Lewis,POC,Black
Dawntavia Bullard,POC,Black
Daya Vaidya,POC,Hispanic
Dayan Kodua,POC,Black
Dayna Dooley,POC,Black
Dayna Lynne North,POC,Black
De'Adre Aziza,POC,Black
Debbi Morgan,POC,Black
Debbie Allen,POC,Black
Deborah Ayorinde,POC,Black
Deborah Cox,POC,Black
Deborah Lacey,POC,Black
Deborah Roberts,POC,Black
Debra Ann Townes,POC,Black
Debra D. Holt,POC,Black
Debra Wilson,POC,Black
Dee Dee Davis,POC,Black
Dee Freeman,POC,Black
Deidre Goodwin,POC,Black
Deidrie Henry,POC,Black
Deja Dee,POC,Black
Delaney Baynham II,POC,Black
Demetria McKinney,POC,Black
Demi Lovato,POC,Hispanic
Demián Bichir,POC,Hispanic
Dena Burton,POC,Black
Denée Benton,POC,Black
Deneen Tyler,POC,Black
Denise Boutte,POC,Black
Denise George,POC,Black
Denise Nicholas,POC,Black
Denise Vasi,POC,Black
Denisha Gillespie,POC,Black
Dennis Haysbert,POC,Black
Dennisha Pratt,POC,Black
Denyce Lawton,POC,Black
Denzel Washington,POC,Black
Desarae A. Dotson,POC,Black
Desirae Whitfield,POC,Black
Desiree Geraldine,POC,Black
Destiny Edmond,POC,Black
Devereau Chumrau,POC,Black
Devika Parikh,POC,Black
Devin Nelson,POC,Black
Devon Diep,POC,Asian
Devon Jordan,POC,Black
Devyn A. Tyler,POC,Black
Diahann Carroll,POC,Black
Diana Maria Riva,POC,Hispanic
Diana Ross,POC,Black
Diandra Lyle,POC,Black
Diane Guerrero,POC,Hispanic
Diarra Kilpatrick,POC,Black
Diego Boneta,POC,Hispanic
Diego Cataño,POC,Hispanic
Diego Luna,POC,Hispanic
Diego Tinoco,POC,Hispanic
Dinora Walcott,POC,Black
Dion Sapp,POC,Hispanic
Diona Reasonover,POC,Black
Dionne Gipson,POC,Black
Djaka Souaré,POC,Black
Dominic Colón,POC,Hispanic
Dominic Flores,POC,Hispanic
Dominique Jackson,POC,Black
Dominique Jennings,POC,Black
Dominique Mari,POC,Black
DomiNque Perry,POC,Black
Don Cheadle,POC,Black
Donald Faison,POC,Black
Donna Biscoe,POC,Black
Donnetta Lavinia Grays,POC,Black
Donnie Yen,POC,Asian
Donzaleigh Abernathy,POC,Black
Dorothy Dandridge,POC,Black
Dorothy Steel,POC,Black
Doua Moua,POC,Asian
Downtown Julie Brown,POC,Black
Drake,POC,Black
Dre Welch,POC,Black
Dreah Marie,POC,Black
Drew Sidora,POC,Black
Dwan Smith,POC,Black
Dwayne Johnson,POC,Black
E.J. Bonilla,POC,Hispanic
Earnestine Phillips,POC,Black
Eartha Kitt,POC,Black
Eazy-E,POC,Black
Ebele Okoye,POC,Black
Eboni Gentry,POC,Black
Ebonie Smith,POC,Black
Eddie Cibrian,POC,Hispanic
Eddie Griffin,POC,Black
Eddie Murphy,POC,Black
Edgar Ramírez,POC,Hispanic
Eduardo Serra,POC,Hispanic
Eduardo Verástegui,POC,Hispanic
Edward James Olmos,POC,Hispanic
Edward Ornelas,POC,Hispanic
Edwina Findley Dickerson,POC,Black
Edy Ganem,POC,Hispanic
Eisa Davis,POC,Black
Eiza González,POC,Hispanic
Ej Peterson,POC,Black
Elayn J. Taylor,POC,Black
Eleanor T. Threatt,POC,Black
Elena Anaya,POC,Hispanic
Elena Hurst,POC,Hispanic
Elisa Perry,POC,Black
Elise Neal,POC,Black
Elizabeth Adare,POC,Black
Elizabeth Bluhm,POC,Black
Elizabeth Haley,POC,Black
Elizabeth June,POC,Black
Elizabeth Rodriguez,POC,Hispanic
Elizabeth Woodward,POC,Black
Ella Balinska,POC,Black
Ella Fitzgerald,POC,Black
Ella Thomas,POC,Black
Elle Downs,POC,Black
Elle Lorraine,POC,Black
Elle Young,POC,Black
Ellen Cleghorne,POC,Black
Ellen Ho,POC,Asian
Ellen Thomas,POC,Black
Ellen Wong,POC,Asian
Elodie Yung,POC,Asian
Elvis Nolasco,POC,Hispanic
Elyes Gabel,POC,Hispanic
Emayatzy Corinealdi,POC,Black
Emeraude Toubia,POC,Hispanic
Emi Ikehata,POC,Asian
Emilio Fernández,POC,Hispanic
Emily Rios,POC,Hispanic
Emily Tosta,POC,Hispanic
Eminem,POC,Black
Emma Louise Cargill,POC,Black
Emmanuel Lubezki,POC,Hispanic
Emmylou Diaz,POC,Hispanic
Enisha Brewster,POC,Black
Enrique Iglesias,POC,Hispanic
Ensa Cosby,POC,Black
Enuka Okuma,POC,Black
Enya Flack,POC,Black
Eric Barba,POC,Hispanic
Erica Ash,POC,Black
Erica Gimpel,POC,Black
Erica Hubbard,POC,Black
Erica Michelle Singleton,POC,Black
Erica Rivas,POC,Hispanic
Erica Tazel,POC,Black
Erica Vittina Phillips,POC,Black
Erick Chavarria,POC,Hispanic
Erik King,POC,Black
Erik Palladino,POC,Hispanic
Erika Alexander,POC,Black
Erika Bryant,POC,Black
Erika Coleman,POC,Black
Erika Ringor,POC,Black
Erika Woods,POC,Black
Ernie Hudson,POC,Black
Erykah Badu,POC,Black
Esai Morales,POC,Hispanic
Essence Atkins,POC,Black
Esteban Crespo,POC,Hispanic
Estelle,POC,Black
Esther Friedman,POC,Black
Esther Rolle,POC,Black
Esther Scott,POC,Black
Ethel Waters,POC,Black
Eugene Shaw,POC,Asian
Eugenio Caballero,POC,Hispanic
Eugenio Derbez,POC,Hispanic
Eva La Dare,POC,Black
Eva Longoria,POC,Hispanic
Eva Mah,POC,Asian
Eva Mendes,POC,Hispanic
Eva Noblezada,POC,Hispanic
Eve,POC,Black
Evelyn Joy Pointer,POC,Black
Faa Brimmo,POC,Black
Fabienne Colas,POC,Black
Fabiola Calixte,POC,Black
Fabrizio Guido,POC,Hispanic
Fanny Belle DeKnight,POC,Black
Faune Chambers Watkins,POC,Black
Faye Peters,POC,Black
Faye Yvette McQueen,POC,Black
Fede Alvarez,POC,Hispanic
Felipe Fernández del Paso,POC,Hispanic
Fernanda Andrade,POC,Hispanic
Fernanda Montenegro,POC,Hispanic
Fernanda Romero,POC,Hispanic
Fernando Cámara,POC,Hispanic
Fernando Coimbra,POC,Hispanic
Fernando Meirelles,POC,Hispanic
Fernando Trueba,POC,Hispanic
Fiona Xie,POC,Asian
Flo Rida,POC,Black
Florence Kasumba,POC,Black
Florence Regina,POC,Black
Folake Olowofoyeku,POC,Black
Forrest Wheeler,POC,Asian
Frances Callier,POC,Black
Frances Turner,POC,Black
Francia Raisa,POC,Hispanic
Francisco Bello,POC,Hispanic
Françoise Dehaipe,POC,Black
Frank A. Montaño,POC,Hispanic
Frank Grillo,POC,Hispanic
Frankie J. Alvarez,POC,Hispanic
Freddy Rodríguez,POC,Hispanic
Fredi Washington,POC,Black
Freema Agyeman,POC,Black
Frenchie Davis,POC,Black
Froy Gutierrez,POC,Hispanic
Fumi Desalu-Vold,POC,Black
Funlola Aofiyebi,POC,Black
Fuschia!,POC,Black
FyrePhoenix,POC,Black
Gabourey Sidibe,POC,Black
Gabriel Chavarria,POC,Hispanic
Gabriel Luna,POC,Hispanic
Gabriel Osorio Vargas,POC,Hispanic
Gabriel Serra,POC,Hispanic
Gabriela Lopez,POC,Hispanic
Gabrielle Anderson,POC,Black
Gabrielle Elyse,POC,Black
Gabrielle Made,POC,Black
Gabrielle Maiden,POC,Black
Gabrielle Ruiz,POC,Hispanic
Gabrielle Union,POC,Black
Gael García Bernal,POC,Hispanic
Gail Fisher,POC,Black
Gail Mabalane,POC,Black
Galyn Görg,POC,Black
Garcelle Beauvais,POC,Black
Gary Alazraki,POC,Hispanic
Gayle Samuels,POC,Black
Gemma Chan,POC,Asian
Genese Bobo,POC,Black
Genesis Rodriguez,POC,Hispanic
Genevieve Nnaji,POC,Black
George Lopez,POC,Hispanic
George Takei,POC,Asian
Georgianna Robertson,POC,Black
Gerardo Taracena,POC,Hispanic
Germany Kent,POC,Black
Giancarlo Esposito,POC,Hispanic
Gigi Hunter,POC,Black
Gillian White,POC,Black
Gina Carano,POC,Hispanic
Gina Ravera,POC,Black
Gina Rodriguez,POC,Hispanic
Gina Torres,POC,Black
Gina Yashere,POC,Black
Giovani Florido,POC,Hispanic
Giovonnie Samuels,POC,Black
Gladys Knight,POC,Black
Gleendilys Inoa,POC,Hispanic
Gloria Calderon Kellett,POC,Hispanic
Gloria Foster,POC,Black
Gloria Hendry,POC,Black
Gloria Reuben,POC,Black
GloZell Green,POC,Black
Goapele,POC,Black
Godfrey Gao,POC,Asian
Golden Brooks,POC,Black
Gong Li,POC,Asian
Grace Gibson,POC,Black
Grace Huang,POC,Asian
Grace Jones,POC,Black
Grasie Mercedes,POC,Black
Gregory Hines,POC,Black
Gregory Thomas Garcia,POC,Hispanic
Greta Onieogou,POC,Black
Gretchen Palmer,POC,Black
Gugu Mbatha-Raw,POC,Black
Guillermo Arriaga,POC,Hispanic
Guillermo del Toro,POC,Hispanic
Guillermo Díaz,POC,Hispanic
Guillermo Navarro,POC,Hispanic
Gustavo Santaolalla,POC,Hispanic
Gwen McGee,POC,Black
Halle Berry,POC,Black
Hana Mae Lee,POC,Asian
Hania Robledo,POC,Hispanic
Hannah Hodson,POC,Black
Harlie Vaughn,POC,Black
Harmony Santana,POC,Hispanic
Harper Grace Robinson,POC,Black
Harriett D. Foy,POC,Black
Harry Shum Jr.,POC,Asian
Haskiri Velazquez,POC,Hispanic
Hattie McDaniel,POC,Black
Hayley Marie Norman,POC,Black
Heather Hunter,POC,Black
Heather Paige Cohn,POC,Black
Heather Simms,POC,Black
Heaven White,POC,Black
Hector Duran,POC,Hispanic
Hector Elizondo,POC,Hispanic
Hedy Wong,POC,Asian
Helen Martin,POC,Black
Helena Holmes,POC,Black
Hella Joof,POC,Black
Henry Zaga,POC,Hispanic
Hilda Boulware,POC,Black
Hilda Simms,POC,Black
Hiroyuki Sanada,POC,Asian
Holly Robinson Peete,POC,Black
Hope Jones,POC,Black
Hope Olaidé Wilson,POC,Black
Horatio Sanz,POC,Hispanic
Ice Cube,POC,Black
Ice Neal,POC,Black
Ice-T,POC,Black
Idara Victor,POC,Black
Idris Elba,POC,Black
Iesha Rochelle,POC,Black
Imani Hakim,POC,Black
Inday Ba,POC,Black
India King,POC,Black
India Scandrick,POC,Black
Inertia Justice,POC,Black
Ingrid Rogers,POC,Black
Ingrid Walters,POC,Black
Ion Overman,POC,Black
Ipsita Paul,POC,Black
Irene Cara,POC,Black
Iretiola Doyle,POC,Black
Irma P. Hall,POC,Black
Irulan Wilson,POC,Black
Isabel Sanford,POC,Black
Isabel Vega,POC,Hispanic
Isabela Merced,POC,Hispanic
Isabella Gomez,POC,Hispanic
Isis Sinclair,POC,Black
Isley Nicole Melton,POC,Black
Ismael Cruz Cordova,POC,Hispanic
Ivana Baquero,POC,Hispanic
Ivonne Coll,POC,Hispanic
Izabela Rose,POC,Black
J.A. Bayona,POC,Hispanic
J.R. Ramirez,POC,Hispanic
Jacinth Headlam,POC,Black
Jackée Harry,POC,Black
Jackie Chan,POC,Asian
Jackie Cruz,POC,Hispanic
Jackie Fabulous,POC,Black
Jacob Vargas,POC,Hispanic
Jacqueline LeGrande,POC,Black
Jacqueline Moore,POC,Black
Jacqui-Lee Pryce,POC,Black
Jada Pinkett Smith,POC,Black
Jade Johnson,POC,Black
Jaden Smith,POC,Black
Jai Rodriguez,POC,Hispanic
Jaida-Iman Benjamin,POC,Black
Jaime Camil,POC,Hispanic
Jaime Cepero,POC,Hispanic
Jaimee Foxworth,POC,Black
Jaimie D'Cruz,POC,Hispanic
Jaina Lee Ortiz,POC,Hispanic
Jake T. Austin,POC,Hispanic
Jaleel White,POC,Black
Jamai Fisher,POC,Black
Jameelah Nuriddin,POC,Black
James Brown,POC,Black
James Earl Jones,POC,Black
James Kyson,POC,Asian
James Roday Rodriguez,POC,Hispanic
Jamia Simone Nash,POC,Black
Jamie Ann Burke,POC,Black
Jamie Burton-Oare,POC,Black
Jamie Chung,POC,Asian
Jamie Foxx,POC,Black
Jamie Grace,POC,Black
Jamil Mena,POC,Hispanic
Janab Kareem,POC,Black
Janean Jeffries,POC,Black
Janeline Hayes,POC,Black
Janeshia Adams-Ginyard,POC,Black
Ja'net DuBois,POC,Black
Janet Hubert,POC,Black
Janet Jackson,POC,Black
Janet MacLachlan,POC,Black
Janine Rivers,POC,Black
Jaqueline Fleming,POC,Black
Jaquita Ta'le,POC,Black
Jasika Nicole,POC,Black
Jasmin Savoy Brown,POC,Black
Jasmin Tatyana Brown,POC,Black
Jasmine Bolton,POC,Black
Jasmine Guy,POC,Black
Jasmine Hester,POC,Black
Jasmine Richards,POC,Black
Jasmine Rush,POC,Black
Jason Humble,POC,Hispanic
Jason Scott Lee,POC,Asian
Jaume Collet-Serra,POC,Hispanic
Javier Bardem,POC,Hispanic
Javier Botet,POC,Hispanic
Javier Fesser,POC,Hispanic
Javier Fuentes-León,POC,Hispanic
Javier Mariscal,POC,Hispanic
Javier Navarrete,POC,Hispanic
Javier Recio Gracia,POC,Hispanic
Jaxy Boyd,POC,Black
Jay Hernandez,POC,Hispanic
Jaymee Ong,POC,Asian
Jay-Z,POC,Black
Jaz Sinclair,POC,Black
Jazmin Johnson,POC,Black
Jazmyn Simon,POC,Black
Jazsmin Lewis,POC,Black
Jazz Raycole,POC,Black
JD Pardo,POC,Hispanic
Je Nie Fleming,POC,Black
Jean Grae,POC,Black
Jeanine Mason,POC,Hispanic
Jen Kwok,POC,Asian
Jénel Stevens,POC,Black
Jenifer Lewis,POC,Black
Jenna Ortega,POC,Hispanic
Jennifer Beals,POC,Black
Jennifer Brito,POC,Black
Jennifer Echols,POC,Black
Jennifer Freeman,POC,Black
Jennifer Hudson,POC,Black
Jennifer Lopez,POC,Hispanic
Jennifer Oguzie,POC,Black
Jenny Pellicer,POC,Hispanic
Jerrika Hinton,POC,Black
Jeryl Prescott,POC,Black
Jessalyn Wanlim,POC,Asian
Jesse Garcia,POC,Hispanic
Jessica A. Caesar,POC,Black
Jessica Alba,POC,Hispanic
Jessica Deshong,POC,Black
Jessica J. Immanuel,POC,Black
Jessica Jarrell,POC,Black
Jessica Obilom,POC,Black
Jessica O'Brien,POC,Black
Jessica Parker Kennedy,POC,Black
Jessica Pimentel,POC,Hispanic
Jessica Sula,POC,Black
Jessica White,POC,Black
Jessika Van,POC,Asian
Jesus Sanchez-Velez,POC,Hispanic
Jet Li,POC,Asian
Jharrel Jerome,POC,Hispanic
Jill Marie Jones,POC,Black
Jill Scott,POC,Black
Jillian Reeves,POC,Black
Jimmy Smits,POC,Hispanic
Jivanta Roberts,POC,Black
Jo Koy,POC,Asian
Jo Marie Payton,POC,Black
Joahn Webb,POC,Black
Joan Baker,POC,Black
Joan Pringle,POC,Black
Joan Smalls,POC,Black
JoAnna Garcia Swisher,POC,Hispanic
JoAnna Rhambo,POC,Black
Joaquim de Almeida,POC,Hispanic
Joaquín Cosio,POC,Hispanic
Joaquin Phoenix,POC,Hispanic
Jocelyn Ayanna,POC,Black
Joe Minoso,POC,Hispanic
Johanna Middleton,POC,Black
John Amos,POC,Black
John Cho,POC,Asian
John Juanda,POC,Asian
John Leguizamo,POC,Hispanic
John Ortiz,POC,Hispanic
Johnny Ortiz,POC,Hispanic
Joie Lee,POC,Black
Jon Huertas,POC,Hispanic
Jon Lee Brody,POC,Asian
Jon Seda,POC,Hispanic
Jonás Cuarón,POC,Hispanic
Jonas Rivera,POC,Hispanic
Jonathan Lee,POC,Asian
Jonelle Allen,POC,Black
Joniece Abbott-Pratt,POC,Black
Jontille Gerard,POC,Black
Jordan Fisher,POC,Black
Jordan Nia Elizabeth,POC,Black
Jordana Brewster,POC,Hispanic
Jordin Sparks Thomas,POC,Black
Jordyn Raya James,POC,Black
Jorge Diaz,POC,Hispanic
Jorge Drexler,POC,Hispanic
Jorge Garcia,POC,Hispanic
Jorge Lendeborg Jr.,POC,Hispanic
Jorja Smith,POC,Black
José Antonio García,POC,Hispanic
José Luis Garci,POC,Hispanic
Jose Rivera,POC,Hispanic
Josep Maria Domènech,POC,Hispanic
Joseph Melendez,POC,Hispanic
Josephine Baker,POC,Black
Josh Segarra,POC,Hispanic
Joshua Sanchez,POC,Hispanic
Josie D'Arby,POC,Black
Jourdan Dunn,POC,Black
Joy Bryant,POC,Black
Joyce Lee,POC,Black
Juan Carlos Fresnadillo,POC,Hispanic
Juan Carlos Hernández,POC,Hispanic
Juan Carlos Valdivia,POC,Hispanic
Juan José Campanella,POC,Hispanic
Juan Pablo Di Pace,POC,Hispanic
Juan Pablo Raba,POC,Hispanic
Juan Riedinger,POC,Hispanic
Juanes,POC,Hispanic
Juanita Jennings,POC,Black
Juanita Moore,POC,Black
Juan-Pablo Veizaga,POC,Hispanic
Judith Moreland,POC,Black
Judy Reyes,POC,Hispanic
Julia Ling,POC,Asian
Julia Pace Mitchell,POC,Black
Julian Alcaraz,POC,Hispanic
Juliano Ribeiro Salgado,POC,Hispanic
Julie Gonzalo,POC,Hispanic
Juliette Jeffers,POC,Black
Julisita Salcedo,POC,Asian
Julissa Calderon,POC,Hispanic
Julyza Commodore,POC,Black
Jun Ji-Hyun,POC,Asian
June Carryl,POC,Black
Jurnee Smollett,POC,Black
Justin Baldoni,POC,Hispanic
Justin Chon,POC,Asian
Justina Machado,POC,Hispanic
Jwaundace Candece,POC,Black
Jynnette Lewis,POC,Black
K.D. Aubert,POC,Black
Kai Milla,POC,Black
Kali Hawk,POC,Black
Kamille McCuin,POC,Black
Kandi Burruss,POC,Black
Kandiss Edmundson,POC,Black
Kandyse McClure,POC,Black
Kane L. Brown,POC,Black
Kanye West,POC,Black
Kara Bustos,POC,Black
Karan Ashley,POC,Black
Karen Bengo,POC,Black
Karen Ceesay,POC,Black
Karen Holness,POC,Black
Karen Malina White,POC,Black
Karen Olivo,POC,Hispanic
Karen Pittman,POC,Black
Karen Valero,POC,Hispanic
Karen Y. McClain,POC,Black
Karimah Westbrook,POC,Black
Karina Bonnefil,POC,Black
Karine Plantadit,POC,Black
Karla Mosley,POC,Black
Karla Souza,POC,Hispanic
Karlie Redd,POC,Black
Karmen Roze,POC,Black
Karyn Bryant,POC,Black
Karyn Parsons,POC,Black
Karyn White,POC,Black
Kasi Lemmons,POC,Black
Kasturi,POC,Black
Kat Graham,POC,Black
Kate del Castillo,POC,Hispanic
Kathleen Bradley,POC,Black
Kathy Smith,POC,Black
Katie Russell,POC,Black
Katlynn Simone,POC,Black
Katy Jurado,POC,Hispanic
Keena Ferguson,POC,Black
Keenen Ivory Wayans,POC,Black
Keesha Sharp,POC,Black
Keke Palmer,POC,Black
Kellee Stewart,POC,Black
Kelley Robins,POC,Black
Kelli Kirkland,POC,Black
Kelli Pardo,POC,Black
Kellie Shanygne Williams,POC,Black
Kellita Smith,POC,Black
Kelly Hu,POC,Asian
Kelly Rowland,POC,Black
Kelsey Wang,POC,Asian
Kelsie Morales,POC,Black
Ken Jeong,POC,Asian
Ken Leung,POC,Asian
Ken Watanabe,POC,Asian
Kendall Alexandria,POC,Black
Kendra Danielle Smith,POC,Black
Kennedy Zimet,POC,Black
Kent King,POC,Black
Kenya Moore,POC,Black
Kenyetta Lethridge,POC,Black
Kerri J. Baldwin,POC,Black
Kerry Washington,POC,Black
Keshia Knight Pulliam,POC,Black
Kevin Alejandro,POC,Hispanic
Kevin Balmore,POC,Hispanic
Kevin Hart,POC,Black
Kevin Peter Hall,POC,Black
Khandi Alexander,POC,Black
Kharisma McIlwaine,POC,Black
Khyler Liggins,POC,Black
Ki Hong Lee,POC,Asian
Kia Stevens,POC,Black
Kiana Ledé,POC,Black
Kianna Underwood,POC,Black
Kidada Jones,POC,Black
Kiele Sanchez,POC,Hispanic
Kiersey Clemons,POC,Black
Kiesha Preston,POC,Black
Kim Brockington,POC,Black
Kim Coles,POC,Black
Kim Fields,POC,Black
Kim Hawthorne,POC,Black
Kim Staunton,POC,Black
Kim Sykes,POC,Black
Kim Wayans,POC,Black
Kim Williams,POC,Black
Kim Yarbrough,POC,Black
Kimberly Brooks,POC,Black
Kimberly Campbell,POC,Black
Kimberly Elise,POC,Black
Kimberly Hebert Gregory,POC,Black
Kimberly Scott,POC,Black
Kimleigh Smith,POC,Black
Kimora Lee Simmons,POC,Black
Kira Noir,POC,Black
Kirk Acevedo,POC,Hispanic
Kitana Kiki Rodriguez,POC,Hispanic
Kj Smith,POC,Black
Ko Shibasaki,POC,Asian
Kobe Bryant,POC,Black
Kristen Anderson-Lopez,POC,Hispanic
Kristen Ariza,POC,Black
Kristin Kimiya,POC,Asian
Kristin Pitts,POC,Black
Krystal Vee,POC,Asian
Krystal White,POC,Black
Kubbi,POC,Black
Kyla Pratt,POC,Black
Kyle Massey,POC,Black
Kyle Patrick Alvarez,POC,Hispanic
Kylee Russell,POC,Black
Kym Washington Longino,POC,Black
Kym Whitley,POC,Black
Kymberly Newberry,POC,Black
L. Scott Caldwell,POC,Black
La La Anthony,POC,Black
La Rivers,POC,Black
LaChanze,POC,Black
La'Chris Jordan,POC,Black
Laila Ali,POC,Black
Laila Lockhart Kraner,POC,Black
Lana Condor,POC,Asian
Lana Parrilla,POC,Hispanic
Lanei Chapman,POC,Black
Lanette Ware,POC,Black
Lanisha Cole,POC,Black
Laphea Coleman,POC,Black
Larena Patrick,POC,Black
LaRita Shelby,POC,Black
Lark Voorhies,POC,Black
Larry Dias,POC,Hispanic
LaShawn Jefferies,POC,Black
LaShonda Reese,POC,Black
LaTanya Richardson Jackson,POC,Black
LaTrice Amanda Strong,POC,Black
Laura Gómez,POC,Hispanic
Laura Harrier,POC,Black
Lauren London,POC,Black
Lauren Neal,POC,Black
Lauren Shiohama,POC,Asian
Laurence Fishburne,POC,Black
Lauryn Alisa McClain,POC,Black
Lavelle Roby,POC,Black
Laverne Cox,POC,Black
LaWanda Page,POC,Black
Laysla De Oliveira,POC,Hispanic
Laz Alonso,POC,Hispanic
Leah Monet,POC,Black
Lee Byung-Hun,POC,Asian
Lee Min-Ho,POC,Asian
Lee Thompson Young,POC,Black
Leigh Bush,POC,Black
Leigh Danso,POC,Black
Leila Arcieri,POC,Black
Leila Djansi,POC,Black
Lela Rochon,POC,Black
Lena Anthony,POC,Black
Lena Cardwell,POC,Black
Lena Horne,POC,Black
Leon Thomas III,POC,Black
Lesley Anne Mitchell,POC,Black
Lesley-Ann Brandt,POC,Black
Leslie Frye,POC,Black
Leslie Jones,POC,Black
Leslie Segar,POC,Black
Leslie Silva,POC,Hispanic
Leslie Thurston,POC,Black
Letitia Wright,POC,Black
Lewis Tan,POC,Asian
Lex Scott Davis,POC,Black
Lexi Rhoades,POC,Black
Lidia Porto,POC,Hispanic
Lidya Jewett,POC,Black
Lil J.J.,POC,Black
Lil Jon,POC,Black
Lil' Kim,POC,Black
Lil' Wayne,POC,Black
Lila Downs,POC,Hispanic
Lillian Yarbo,POC,Black
Linara Washington,POC,Black
Linda Boston,POC,Black
Linda Hopkins,POC,Black
Lindsey Morgan,POC,Hispanic
Linette Doherty,POC,Black
Lin-Manuel Miranda,POC,Hispanic
Lira Angel,POC,Black
Lisa Berry,POC,Black
Lisa Bonet,POC,Black
Lisa Canning,POC,Black
Lisa Dewitt,POC,Black
Lisa Dinkins,POC,Black
Lisa 'Left Eye' Lopes,POC,Black
Lisa Leslie,POC,Black
Lisa Nicole Carson,POC,Black
Lisa Renee Pitts,POC,Black
Lisa Tharps,POC,Black
Lisa Vidal,POC,Hispanic
Lisa Yaro,POC,Black
LisaGay Hamilton,POC,Black
LisaRaye McCoy,POC,Black
Lisha Wheeler,POC,Black
Little Richard,POC,Black
Liu Wen,POC,Asian
Liya Kebede,POC,Black
Liz Benoit,POC,Black
Liz Esguerra,POC,Black
Liz Hume Dawson,POC,Black
Liz Jenkins,POC,Black
Liz Logan,POC,Black
Liz W. Garcia,POC,Hispanic
Liza Scholtz,POC,Black
Lizz Robbins,POC,Black
LL Cool J,POC,Black
Logan Browning,POC,Black
Lola Falana,POC,Black
Lola St. Vil,POC,Black
Lolia Etomi,POC,Black
Lonette McKee,POC,Black
Loni Love,POC,Black
Loren Lillian,POC,Black
Lorenza Izzo,POC,Hispanic
Lorenzo James Henrie,POC,Hispanic
Loretta Devine,POC,Black
Lorraine Pascale,POC,Black
Lorraine Toussaint,POC,Black
Lorrie Odom,POC,Black
Lou Diamond Phillips,POC,Hispanic
Louisa Abernathy,POC,Black
Louise Beavers,POC,Black
Ludacris,POC,Black
Ludi Lin,POC,Asian
Luis Gerardo Méndez,POC,Hispanic
Luis Gnecco,POC,Hispanic
Luis Guzmán,POC,Hispanic
Luis Mandoki,POC,Hispanic
Luis Manso,POC,Hispanic
Luis Resto,POC,Hispanic
Lulu Antariksa,POC,Asian
Luna Lauren Velez,POC,Hispanic
Lupe Velez,POC,Hispanic
Lupita Nyong'o,POC,Black
Lyn Alicia Henderson,POC,Black
Lyndie Greenwood,POC,Black
Lyndsy Fonseca,POC,Hispanic
Lynette DuPree,POC,Black
Lynn Hamilton,POC,Black
Lynn Whitfield,POC,Black
Lynne Thigpen,POC,Black
Maame-Yaa Aforo,POC,Black
Madge Sinclair,POC,Black
Madison Pettis,POC,Black
Magali Widmer,POC,Black
Magaly Colimon,POC,Black
Mai Maye,POC,Black
Maia Moss-Fife,POC,Black
Mai-Lynn Yim,POC,Black
Maisie Richardson-Sellers,POC,Black
Malaak Compton,POC,Black
Malaika Firth,POC,Black
Malika Williams,POC,Black
Malikha Mallette,POC,Black
Malinda Money,POC,Black
Malinda Williams,POC,Black
Manolo Cardona,POC,Hispanic
Manolo García,POC,Hispanic
Manuel Garcia-Rulfo,POC,Hispanic
Mara Brock Akil,POC,Black
Mara Junot,POC,Black
Marc Anthony,POC,Hispanic
Marci T. House,POC,Black
Marcia Battise,POC,Black
Marcia Wright,POC,Black
Margaret Avery,POC,Black
Margaret Newborn,POC,Black
Margeaux Dupuy,POC,Black
Margo Moorer,POC,Black
Mari Morrow,POC,Black
Maria Bello,POC,Hispanic
Maria Borges,POC,Black
Maria Canals-Barrera,POC,Hispanic
Maria Hippolyte,POC,Black
Maria Howell,POC,Black
Maria Lawson,POC,Black
Mariah Carey,POC,Black
Mariah Iman Wilson,POC,Black
Mariana Treviño,POC,Hispanic
Mariann Aalda,POC,Black
Marianne Jean-Baptiste,POC,Black
Maribel Verdú,POC,Hispanic
Marie Mouroum,POC,Black
Marie Senghore,POC,Black
Marie Zoumanigui,POC,Black
Marie-Alise Recasner,POC,Black
Marija Juliette Abney,POC,Black
Marika Day,POC,Black
Mario,POC,Black
Mario Casas,POC,Hispanic
Mario Lopez,POC,Hispanic
Marion Jones,POC,Black
Marisol Correa,POC,Black
Marisol Nichols,POC,Hispanic
Marissa Chanel Hampton,POC,Black
Marissa Hopkins,POC,Black
Maritalyn Koulebetouba,POC,Black
Mark Dacascos,POC,Asian
Marla Gibbs,POC,Black
Marliss Amiea,POC,Black
Marlon Wayans,POC,Black
Marlyne Barrett,POC,Black
Marques Houston,POC,Black
Marsai Martin,POC,Black
Marsha Thomason,POC,Black
Marsha Warfield,POC,Black
Marta Cunningham,POC,Black
Martha Higareda,POC,Hispanic
Martín Hernández,POC,Hispanic
Martin Lawrence,POC,Black
Marva Hicks,POC,Black
Mary Alice,POC,Black
Mary J. Blige,POC,Black
Mary Oyaya,POC,Black
Mary Randle,POC,Black
Mary T. Sala,POC,Black
Maryam Hassan,POC,Black
Maryam Myika Day,POC,Black
Mashari Laila Bain,POC,Black
Masi Oka,POC,Asian
Matt Cedeño,POC,Hispanic
Matthew Moy,POC,Asian
Maura Gale,POC,Black
Maurice Benard,POC,Hispanic
Maurice Compte,POC,Hispanic
Maurice White,POC,Black
Mauricio Kuri,POC,Hispanic
Maximiliano Hernández,POC,Hispanic
Maya Dunbar,POC,Black
Maya Goodwin,POC,Black
Maya Rudolph,POC,Black
Mayu Gamou,POC,Asian
MC Lyte,POC,Black
Meagan Good,POC,Black
Meagan Tandy,POC,Black
Megalyn Echikunwoke,POC,Black
Megan Miller,POC,Black
Megan Thomas,POC,Black
Meghan Markle,POC,Black
Mekia Cox,POC,Black
Mel B,POC,Black
Melanie Martin,POC,Black
Melanie Nicholls-King,POC,Black
Melba Moore,POC,Black
Melissa Barrera,POC,Hispanic
Melissa De Sousa,POC,Black
Melissa Fumero,POC,Hispanic
Melissa Haizlip,POC,Black
Melissa Harris-Perry,POC,Black
Melissa Paulo,POC,Asian
Melissa Villaseñor,POC,Hispanic
Melonie Diaz,POC,Hispanic
Melyssa Ford,POC,Black
Meosha Bean,POC,Black
Mercedes Gilbert,POC,Black
Mercedes Scelba-Shorte,POC,Black
Merle Dandridge,POC,Black
Merrin Dungey,POC,Black
Mesha Millington,POC,Black
Mia Ando,POC,Asian
Mía Maestro,POC,Hispanic
Michael B. Jordan,POC,Black
Michael Cardelle,POC,Hispanic
Michael Cimino,POC,Hispanic
Michael Clarke Duncan,POC,Black
Michael D. Olmos,POC,Hispanic
Michael Hyatt,POC,Black
Michael Jackson,POC,Black
Michael Jordan,POC,Black
Michael Michele,POC,Black
Michael Oher,POC,Black
Michael Peña,POC,Hispanic
Michael Trevino,POC,Hispanic
Michaela Coel,POC,Black
Michele L. Jennings,POC,Black
Michelle Ang,POC,Asian
Michelle Anne Johnson,POC,Black
Michelle Gayle,POC,Black
Michelle Gomez,POC,Hispanic
Michelle Hurd,POC,Black
Michelle Hurst,POC,Black
Michelle Rodriguez,POC,Hispanic
Michelle Thomas,POC,Black
Michelle Van Der Water,POC,Black
Michelle Williams,POC,Black
Michelle Wilson,POC,Black
Michole Briana White,POC,Black
Miguel Ángel Silvestre,POC,Hispanic
Miguel Arteta,POC,Hispanic
Miguel Ferrer,POC,Hispanic
Miguel Gomez,POC,Hispanic
Mike Shinoda,POC,Asian
Milauna Jackson,POC,Black
Mildred Marie Langford,POC,Black
Milli M.,POC,Black
Mimi Fletcher,POC,Black
Ming Zhao,POC,Asian
Ming-Na Wen,POC,Asian
Miracle Davis,POC,Black
Miriam A. Hyman,POC,Black
Misaki Itô,POC,Asian
Mishel Prada,POC,Hispanic
Missy Elliott,POC,Black
Miyavi Matsunoi,POC,Asian
Mj Rodriguez,POC,Hispanic
Moises Arias,POC,Hispanic
Momma Dee,POC,Black
MonaLesa Diamond,POC,Black
Monet Dunham,POC,Black
Monica,POC,Black
Monica Calhoun,POC,Black
Monica Joelle,POC,Black
Monica McSwain,POC,Black
Monica Parks,POC,Black
Monica Raymund,POC,Hispanic
Monica Swaida,POC,Black
Mo'Nique,POC,Black
Monique A. Miller,POC,Black
Monique Coleman,POC,Black
Monique Dupree,POC,Black
Monique Gall,POC,Black
Montego Glover,POC,Black
Montrose Hagins,POC,Black
Montse Hernandez,POC,Hispanic
Montse Ribé,POC,Hispanic
Morena Baccarin,POC,Hispanic
Morgan Alexandria,POC,Black
Morgan Freeman,POC,Black
Mr. T,POC,Black
Mugga,POC,Black
Murray Gray,POC,Black
Mya,POC,Black
Myra D. Hemmings,POC,Black
Myra Stanton,POC,Black
Myrasol Martinez,POC,Black
Nabiyah Be,POC,Black
Nacho Vigalondo,POC,Hispanic
Nadège August,POC,Black
Nadine Bhabha,POC,Black
Nadine Ellis,POC,Black
Nadine Velazquez,POC,Hispanic
Nadja Sofi,POC,Black
Nafeesa Monroe,POC,Black
Nahtasha Budhi,POC,Black
Nakia Burrise,POC,Black
Nambi E. Kelley,POC,Black
Nancy Bellany,POC,Black
Naomi Campbell,POC,Black
Naomi Ryan,POC,Black
Naomie Harris,POC,Black
Napiera Groves,POC,Black
Narisa Suzuki,POC,Asian
Natalia Cordova-Buckley,POC,Hispanic
Natalia Reyes,POC,Hispanic
Natalie Carter,POC,Black
Natalie Daise,POC,Black
Natalie Desselle Reid,POC,Black
Natalie Martinez,POC,Hispanic
Natalie Mendoza,POC,Asian
Natalie Morales,POC,Hispanic
Natalie Paul,POC,Black
Natasha Burnett,POC,Black
Natashia Williams,POC,Black
Nate Dogg,POC,Black
Natina Reed,POC,Black
Natosha Humphrey,POC,Black
Natthaweeranuch Thongmee,POC,Asian
Naturi Naughton,POC,Black
Naya Rivera,POC,Hispanic
Nayo Wallace,POC,Black
N'Bushe Wright,POC,Black
Neferteri Shepherd,POC,Black
Nefetari Spencer,POC,Black
NeiCe Knight,POC,Black
Nell Carter,POC,Black
Nelly,POC,Black
Nelson Ascencio,POC,Hispanic
NeNe Leakes,POC,Black
Nene Nwoko,POC,Black
Nesta Cooper,POC,Black
Nestor Serrano,POC,Hispanic
Ne-Yo,POC,Black
Nia Jervier,POC,Black
Nia Long,POC,Black
Niatia 'Lil Mama' Kirkland,POC,Black
Nicci Gilbert,POC,Black
Nichelle Hines,POC,Black
Nicholas Gonzalez,POC,Hispanic
Nicholas Tse,POC,Asian
Nichole Galicia,POC,Black
Nichollette Shorts,POC,Black
Nick Cannon,POC,Black
Nicki Micheaux,POC,Black
Nicki Minaj,POC,Black
Nicki Whitely,POC,Black
Nico Santos,POC,Asian
Nicola Hughes,POC,Black
Nicolás Giacobone,POC,Hispanic
Nicole Anthony,POC,Black
Nicole Ari Parker,POC,Black
Nicole Beharie,POC,Black
Nicole Davis,POC,Black
Nicole Fiscella,POC,Black
Nicole J. Butler,POC,Black
Nicole Lynnae Sullivan,POC,Black
Nicole Mitchell Murphy,POC,Black
Nicole Narain,POC,Black
Nicole Randall Johnson,POC,Black
Nicolette Robinson,POC,Black
Nicolle Rochelle,POC,Black
Niecy Nash,POC,Black
Nija Okoro,POC,Black
Níke Uche Kadri,POC,Black
Nikea Gamby-Turner,POC,Black
Niketa Calame-Harris,POC,Black
Niki McElroy,POC,Black
Nikki Amuka-Bird,POC,Black
Nikki Crawford,POC,Black
Nikki Love,POC,Black
Nikki Vanderdyz,POC,Black
Nina Mae McKinney,POC,Black
Ninja N. Devoe,POC,Black
Noel Gibson,POC,Black
Noelle Bellinghausen,POC,Black
Noemi Gonzalez,POC,Hispanic
Noémie Lenoir,POC,Black
Nona Gaye,POC,Black
Norma Aurel,POC,Black
Normani,POC,Black
Notlim Taylor,POC,Black
Noveen Crumbie,POC,Black
Nthati Moshesh,POC,Black
Numa Perrier,POC,Black
Nydia McFadden,POC,Black
Nyla Campbell,POC,Black
Nyomi Banxx,POC,Black
Nyomi Yimer,POC,Black
Octavia Spencer,POC,Black
Octavio Pisano,POC,Hispanic
Odette Annable,POC,Hispanic
Ola Ray,POC,Black
Olga Segura,POC,Hispanic
Olive Gray,POC,Black
Olivia Brown,POC,Black
Olivia Cole,POC,Black
Olivia Frances Williams,POC,Black
Olivia Longott,POC,Black
Olivia Pope Friedman,POC,Black
Olivia Washington,POC,Black
Olivier Martinez,POC,Hispanic
Oluchi Onweagba,POC,Black
Olunike Adeliyi,POC,Black
Omotola Jalade-Ekeinde,POC,Black
Onahoua Rodriguez,POC,Hispanic
Onira Tares,POC,Black
Oona Chaplin,POC,Hispanic
Opal Alladin,POC,Black
Oprah Winfrey,POC,Black
Orlando Brown,POC,Black
Orlando Jones,POC,Black
Osas Ighodaro,POC,Black
Oscar Isaac,POC,Hispanic
Óscar Jaenada,POC,Hispanic
Oscar Nuñez,POC,Hispanic
Ossie Davis,POC,Black
Oumie Garba,POC,Black
Pablo Larraín,POC,Hispanic
Paco Delgado,POC,Hispanic
Paige Hurd,POC,Black
Paloma Guzmán,POC,Hispanic
Pam Grier,POC,Black
Pam Trotter,POC,Black
Pam Veasey,POC,Black
Pamela Ricardo,POC,Black
Pamela Shaddock,POC,Black
Paola Menacho,POC,Black
Paris Scott Allen,POC,Black
Parisa Fitz-Henley,POC,Black
Parker McKenna Posey,POC,Black
Parker Price,POC,Black
Parris Nicole,POC,Black
Parry Shen,POC,Asian
PaSean Wilson,POC,Black
Pato Escala Pierart,POC,Hispanic
Patrice Fisher,POC,Black
Patricia Belcher,POC,Black
Patricia Kazadi,POC,Black
Patricia Reyes Spíndola,POC,Hispanic
Patricia Riggen,POC,Hispanic
Paul Winfield,POC,Black
Paula Jai Parker,POC,Black
Paula Newsome,POC,Black
Paula Patton,POC,Black
Paula Rittie,POC,Black
Paulene Myers,POC,Black
Paulette Braxton,POC,Black
Paulina Gaitan,POC,Hispanic
Paulina García,POC,Hispanic
Paulina Lule,POC,Black
Paz Vega,POC,Hispanic
Pearl Bailey,POC,Black
Pedro Almodóvar,POC,Hispanic
Pedro Infante,POC,Hispanic
Pedro Pascal,POC,Hispanic
Penélope Cruz,POC,Hispanic
Penny Johnson Jerald,POC,Black
Pepa,POC,Black
Pepi Sonuga,POC,Black
Perez Hilton,POC,Hispanic
Perla Farías,POC,Hispanic
Persia White,POC,Black
Peter Adrian Sudarso,POC,Asian
Petra Sprecher,POC,Black
Pharrell Williams,POC,Black
Phina Oruche,POC,Black
Phiona Mutesi,POC,Black
Phuriphop Srichan,POC,Asian
Phylicia Rashad,POC,Black
Phyllis Johnson,POC,Black
Phyllis Yvonne Stickney,POC,Black
Pilar Revuelta,POC,Hispanic
Pippa Bennett-Warner,POC,Black
Pitbull,POC,Black
Porsha Ferguson,POC,Black
Precious Bright,POC,Black
Precious Makgaretsa,POC,Black
Presilah Nunez,POC,Black
Preslaysa Edwards,POC,Black
Priah Ferguson,POC,Black
Prince Royce,POC,Hispanic
Priscilla C. Shirer,POC,Black
Qi Shu,POC,Asian
Qing Xu,POC,Asian
Q'orianka Kilcher,POC,Hispanic
Queen Latifah,POC,Black
Quinton Aaron,POC,Black
Quvenzhané Wallis,POC,Black
R. Kelly,POC,Black
R. Marcos Taylor,POC,Hispanic
Rachel Dupard,POC,Black
Rachel Huxtable,POC,Asian
Rachel True,POC,Black
Rae Dawn Chong,POC,Black
RaéVen Kelly,POC,Black
Rafael Martinez,POC,Hispanic
Rah Digga,POC,Black
Rahayu Saraswati,POC,Asian
Rain Pryor,POC,Black
Raina Lewis,POC,Black
Rakie Ayola,POC,Black
Ramiro Rodriguez,POC,Hispanic
Ramon Rodriguez,POC,Hispanic
Randall Park,POC,Asian
Raquel Roque Herring,POC,Black
Raquel Rosser,POC,Black
Raquel Welch,POC,Hispanic
Rashaad Ernesto Green,POC,Hispanic
Rasheedah H. Muhammad,POC,Black
Rashida Jones,POC,Black
Raúl Castillo,POC,Hispanic
Raúl Dávalos,POC,Hispanic
Raúl Méndez,POC,Hispanic
Raven Dauda,POC,Black
Raven Goodwin,POC,Black
Raven-Symoné,POC,Black
Ray Charles,POC,Black
Ray Diaz,POC,Hispanic
Ray J,POC,Black
Raymond Cruz,POC,Hispanic
Rayven Symone Ferrell,POC,Black
Reagan Gomez-Preston,POC,Black
Reatha Grey,POC,Black
Rebecca Jackson-Artis,POC,Black
Redd Foxx,POC,Black
Reena Tolentino,POC,Asian
Regina Hall,POC,Black
Regina King,POC,Black
Regina Reyes,POC,Hispanic
Regina Taylor,POC,Black
Reginald VelJohnson,POC,Black
Regine Nehy,POC,Black
Reign Ayanna,POC,Black
Reilly Brooke Stith,POC,Black
Remy Ma,POC,Black
René Alvarado,POC,Hispanic
Renée Jones,POC,Black
Renee Tenison,POC,Black
ReSheda D. Terry,POC,Black
Rhona Bennett,POC,Black
Rhonda Marie Alston,POC,Black
Rhonda Stubbins White,POC,Black
Rhyon Nicole Brown,POC,Black
Ricardo Chavira,POC,Hispanic
Ricardo Darín,POC,Hispanic
Ricardo de Montreuil,POC,Hispanic
Richard Cabral,POC,Hispanic
Richard Pryor,POC,Black
Rick Gonzalez,POC,Hispanic
Rick Yune,POC,Asian
Ricky Martin,POC,Hispanic
Rico Rodriguez,POC,Hispanic
Rigo Sanchez,POC,Hispanic
Rihanna,POC,Black
Rila Fukushima,POC,Asian
Rinko Kikuchi,POC,Asian
Rita Moreno,POC,Hispanic
Robert Lopez,POC,Hispanic
Robert Rodriguez,POC,Hispanic
Robert Salvador,POC,Hispanic
Roberto Orci,POC,Hispanic
Roberto Urbina,POC,Hispanic
Robin Givens,POC,Black
Robin Miles,POC,Black
Robinne Lee,POC,Black
Rochelle Aytes,POC,Black
Rodo Sayagues,POC,Hispanic
Rodrigo Cortés,POC,Hispanic
Rodrigo De la Serna,POC,Hispanic
Rodrigo García,POC,Hispanic
Rodrigo Prieto,POC,Hispanic
Rodrigo Santoro,POC,Hispanic
Ronnie Del Carmen,POC,Hispanic
Rosa Salazar,POC,Hispanic
Rosalind Cash,POC,Black
Rosalyn Coleman,POC,Black
Rosario Dawson,POC,Hispanic
Rose Jackson,POC,Black
Rose Rollins,POC,Black
Roselyn Sanchez,POC,Hispanic
Rosetta LeNoire,POC,Black
Rosie Perez,POC,Hispanic
Roxann Blackman,POC,Black
Roxanne Beckford,POC,Black
Roxanne Shanté,POC,Black
Roxie Roker,POC,Black
Roz Ryan,POC,Black
Rozonda 'Chilli' Thomas,POC,Black
Rubén Blades,POC,Hispanic
Ruby Dee,POC,Black
Rukiya Bernard,POC,Black
Ruth E. Carter,POC,Black
Rutina Wesley,POC,Black
Ryan Destiny,POC,Black
Ryan Guzman,POC,Hispanic
Ryan Michelle Bathe,POC,Black
Ryan Oliva,POC,Hispanic
Ryan Potter,POC,Asian
S. Epatha Merkerson,POC,Black
Saaphyri Windsor,POC,Black
Sabrina Reitman,POC,Black
Sahara Ware,POC,Black
Sahndra Fon Dufe,POC,Black
Saige Hooke,POC,Black
Salina Soto,POC,Black
Salli Richardson-Whitfield,POC,Black
Sallie Toussaint,POC,Black
Sally Stewart,POC,Black
Salma Hayek,POC,Hispanic
Samantha Kaine,POC,Black
Samantha Sadoff,POC,Black
Samara Amat,POC,Black
Samaria Graham,POC,Black
Sammi Cheng,POC,Asian
Sammy Davis Jr.,POC,Black
Samuel L. Jackson,POC,Black
Samuel Patrick Chu,POC,Asian
Sanaa Lathan,POC,Black
Sanai Victoria,POC,Black
Sandi McCree,POC,Black
Sandi Schultz,POC,Black
Sandra Echeverría,POC,Hispanic
Sandra Prosper,POC,Black
Sandra Thigpen,POC,Black
Sandy Brown,POC,Black
Sandy Daley,POC,Black
Saniyya Sidney,POC,Black
Santiago Cabrera,POC,Hispanic
Santino Fontana,POC,Hispanic
Sanura Harris,POC,Black
Sara Malakul Lane,POC,Asian
Sara Martins,POC,Black
Sara Pickett,POC,Black
Sara Ramirez,POC,Hispanic
Sarah Barrable-Tishauer,POC,Black
Sarah Himmelstein,POC,Black
Sarah Jones,POC,Black
Sarah Lian,POC,Asian
Sarah Ramos,POC,Hispanic
Sarunas J. Jackson,POC,Hispanic
Sasha Calle,POC,Hispanic
Sasha Morfaw,POC,Black
Sasha the Diva,POC,Black
Saudia Rashed,POC,Black
Saycon Sengbloh,POC,Black
Sayo,POC,Asian
Scarlet Spencer,POC,Black
Scatman Crothers,POC,Black
Schatar Sapphira Collier,POC,Black
Sean Teale,POC,Hispanic
Sebastián Silva,POC,Hispanic
Sei Ashina,POC,Asian
Selena Buckle,POC,Black
Selena Gomez,POC,Hispanic
Selenis Leyva,POC,Hispanic
Selina Lo,POC,Asian
Selita Ebanks,POC,Black
Sergio Avelar,POC,Hispanic
Sergio Mendes,POC,Hispanic
Serria Tawan,POC,Black
Seychelle Gabriel,POC,Hispanic
Shadi Chauke,POC,Black
Shakira,POC,Hispanic
Shalim Ortiz,POC,Hispanic
Shandell Crutchfield,POC,Black
Shani Pride,POC,Black
Shanica Knowles,POC,Black
Shannon Brinson,POC,Black
Shannon Kane,POC,Black
Shannon McClain Robertson,POC,Black
Shanola Hampton,POC,Black
Shantell Martin,POC,Black
Shar Jackson,POC,Black
Sharan C. Mansfield,POC,Black
Shareeka Epps,POC,Black
Shareena Clanton,POC,Black
Shari Headley,POC,Black
Shari Watson,POC,Black
Sharice Henry Chasi,POC,Black
Sharifa Oliver,POC,Black
Sharmell Sullivan-Huffman,POC,Black
Sharon Battle,POC,Black
Sharon Brown,POC,Black
Sharon Conley,POC,Black
Sharon Duncan-Brewster,POC,Black
Sharon Jones,POC,Black
Sharon Leal,POC,Black
Sharrie McCain,POC,Black
Shaun Landry,POC,Black
Shaun Robinson,POC,Black
Shauna Chin,POC,Black
Shaune Bagwell,POC,Black
Shaunette Renée Wilson,POC,Black
Shawn Wayans,POC,Black
Shay Mitchell,POC,Asian
Shayla Love,POC,Black
Shaznay Lewis,POC,Black
Sheila Guyse,POC,Black
Shelley Robertson,POC,Black
Shenell Edmonds,POC,Black
Sheree Ali,POC,Black
Sherri Daye Scott,POC,Black
Sherri Howard,POC,Black
Sherri Saum,POC,Black
Sherri Shepherd,POC,Black
Sherry Richards,POC,Black
Sheryl Lee Ralph,POC,Black
Sheryl Underwood,POC,Black
Shiloh Fernandez,POC,Hispanic
Shirley Burns,POC,Black
Shirley Jordan,POC,Black
Shondrella Avery,POC,Black
Shuya Chang,POC,Asian
Sidné Anderson,POC,Black
Sierra Aylina McClain,POC,Black
Silawn Lewis,POC,Black
Simena Jazell,POC,Black
Simone Boyce,POC,Black
Simone Missick,POC,Black
Sinbad,POC,Black
Sinitta,POC,Black
Siya,POC,Black
Skai Jackson,POC,Black
Skye Townsend,POC,Black
Skyla I'Lece Woodard,POC,Black
Snoop Dogg,POC,Black
Sofia Carson,POC,Hispanic
Sofía Vergara,POC,Hispanic
Solange,POC,Black
Sommore,POC,Black
Sonequa Martin-Green,POC,Black
Song Hye-Kyo,POC,Asian
Soni Bringas,POC,Hispanic
Sonia Couling,POC,Asian
Sonja Sohn,POC,Black
Sonoya Mizuno,POC,Asian
Sonya Eddy,POC,Black
Sope Aluko,POC,Black
Sophia Leonie,POC,Black
Sophia Thomas,POC,Black
Sophiane Cineus,POC,Black
Sophie Okonedo,POC,Black
Sophina Brown,POC,Black
Soulja Boy,POC,Black
Stacey Dash,POC,Black
Stacie Greenwell,POC,Black
Stacy Arnell,POC,Black
Star Jones,POC,Black
Starla Benford,POC,Black
Starletta DuPois,POC,Black
Stella Williams,POC,Black
Steph Song,POC,Asian
Stephanie Adams,POC,Black
Stephanie Beatriz,POC,Hispanic
Stephanie Love,POC,Black
Stephanie Moseley,POC,Black
Stephanie Sigman,POC,Hispanic
Stevanna Jackson,POC,Black
Steven Yeun,POC,Asian
Storm Reid,POC,Black
Sufe Bradshaw,POC,Black
Summer Selby,POC,Black
Sundra Oakley,POC,Black
Sundy Carter,POC,Black
Suzann McLean,POC,Black
Suzzanne Douglas,POC,Black
Sy Smith,POC,Black
Sybil Azur,POC,Black
Sydelle Noel,POC,Black
Sydney Lindsay Johnson,POC,Black
Sydney Park,POC,Black
Sydney Tamiia Poitier,POC,Black
Sydni Beaudoin,POC,Black
Sylvia Stewart,POC,Black
T.I.,POC,Black
Tadasay Young,POC,Black
Tade Adepoyibi,POC,Black
Taís Araújo,POC,Black
Taja V. Simpson,POC,Black
Taji Coleman,POC,Black
Talia Toms,POC,Black
Talu Wang,POC,Asian
Tamala Jones,POC,Black
Tamar Braxton,POC,Black
Tamara A. Bruno,POC,Black
Tamara Dobson,POC,Black
Tamara Goodwin,POC,Black
Tamara Taylor,POC,Black
Tamara Tunie,POC,Black
Tamela J. Mann,POC,Black
Tamera Mowry-Housley,POC,Black
Tami Jordan,POC,Black
Tami Roman,POC,Black
Tamika Parrish,POC,Black
Tamika Simpkins,POC,Black
Tammi Clayton,POC,Black
Tammi Mac,POC,Black
Tammy Townsend,POC,Black
Tamron Hall,POC,Black
Tanedra Howard,POC,Black
Tangi Miller,POC,Black
Tanika Brown McKelvy,POC,Black
Tanisha Grant,POC,Black
Tanisha Harper,POC,Black
Tanjareen Thomas,POC,Black
Tanya Thompson,POC,Black
Tanya Wright,POC,Black
Tanyell Waivers,POC,Black
Tao Okamoto,POC,Asian
Taraji P. Henson,POC,Black
Taral Hicks,POC,Black
Ta'Rhonda Jones,POC,Black
Tarina Pouncy,POC,Black
Tasha Smith,POC,Black
Tasia Sherel,POC,Black
Tatiana A. Bruno,POC,Black
Tatyana Ali,POC,Black
Tawny Dahl,POC,Black
Taya Amerson,POC,Black
Taylor Faye Ruffin,POC,Black
Taylor Love,POC,Black
Taylor Russell,POC,Black
Taylour Paige,POC,Black
Teal Marchande,POC,Black
Teala Dunn,POC,Black
Teisha Speight,POC,Black
Telisha Shaw,POC,Black
Telma Hopkins,POC,Black
Tempestt Bledsoe,POC,Black
Temple Poteat,POC,Black
Teneisha Campbell,POC,Black
Tenika Davis,POC,Black
Tenique Mathieu,POC,Black
Tenisha Torres,POC,Black
Tenoch Huerta,POC,Hispanic
Teresa Graves,POC,Black
Teresa L. Graves,POC,Black
Terrence Howard,POC,Black
Terri Abney,POC,Black
Terri J. Vaughn,POC,Black
Terry Burrell,POC,Black
Terry Crews,POC,Black
Tessa Ia,POC,Hispanic
Tessa Thompson,POC,Black
Thandie Newton,POC,Black
The Lady of Rage,POC,Black
The Notorious B.I.G.,POC,Black
Thea Camara,POC,Black
Thelma Carpenter,POC,Black
Theo Rossi,POC,Hispanic
Theodora Ibekwe Oyebade,POC,Black
Theresa Randle,POC,Black
Tia Blake,POC,Black
Tia Mowry-Hardrict,POC,Black
Tichina Arnold,POC,Black
Tiffany Ayoung,POC,Black
Tiffany Boone,POC,Black
Tiffany Daniels,POC,Black
Tiffany Evans,POC,Black
Tiffany Haddish,POC,Black
Tiffany Jeneen,POC,Black
Tiffany Simone English,POC,Black
Tiffany Tynes,POC,Black
Tijuana Ricks,POC,Black
Tika Sumpter,POC,Black
Tina Lifford,POC,Black
Tina Redmond,POC,Black
Tina Turner,POC,Black
Tinashe,POC,Black
Tiny Harris,POC,Black
Tionne 'T-Boz' Watkins,POC,Black
Tisha Campbell,POC,Black
T'Keyah Crystal Keymáh,POC,Black
Toks Olagundoye,POC,Black
Tom Choi,POC,Asian
Tom Yi,POC,Asian
Tomi Townsend,POC,Black
Tomiko Fraser,POC,Black
Toni Braxton,POC,Black
Toni Duclottni,POC,Black
Toni M. Youngblood,POC,Black
Tony Burton,POC,Black
Tony L. Calloway,POC,Black
Tony Plana,POC,Hispanic
Tony Revolori,POC,Hispanic
Tony Vidal,POC,Hispanic
Tonya Pinkins,POC,Black
Tonya Sharae Davis,POC,Black
Tori Reid,POC,Black
Torrei Hart,POC,Black
Toru Uchikado,POC,Asian
Tosha Lynette,POC,Black
Towanda Underdue,POC,Black
Tracee Ellis Ross,POC,Black
Tracey Cherelle Jones,POC,Black
Tracey Graves,POC,Black
Tracey Leigh,POC,Black
Traci Bingham,POC,Black
Tracie Spencer,POC,Black
Tracie Thoms,POC,Black
Tracy Camilla Johns,POC,Black
Tracy Morgan,POC,Black
Tre Armstrong,POC,Black
Treisa Gary,POC,Black
Treshelle Edmond,POC,Black
Tressa Thomas,POC,Black
Trina Braxton,POC,Black
Trina McGee,POC,Black
True Whitaker,POC,Black
Tupac Shakur,POC,Black
Tyler James Williams,POC,Black
Tyler Perry,POC,Black
Tyler Posey,POC,Hispanic
Tyra Banks,POC,Black
Tyra Ferrell,POC,Black
Tyreah Herbert,POC,Black
Tyrel Jackson Williams,POC,Black
Ungela Brockman,POC,Black
Ungenita Prevost,POC,Black
Usher,POC,Black
Uzo Aduba,POC,Black
Vaja,POC,Black
Valarie Pettiford,POC,Black
Valarie Rae Miller,POC,Black
Valerie Cruz,POC,Hispanic
Valerie Fairman,POC,Black
Valerie McIntosh,POC,Black
Valerie Sue Love,POC,Black
Valisa Tate,POC,Black
Vanessa Bell Calloway,POC,Black
Vanessa Chester,POC,Black
Vanessa Hudgens,POC,Hispanic
Vanessa Martinez,POC,Hispanic
Vanessa Morgan,POC,Black
Vanessa Suarez,POC,Hispanic
Vanessa Thorpe,POC,Black
Vanessa Williams,POC,Black
Vanity,POC,Black
Vannessa Vasquez,POC,Hispanic
Velvet Rose,POC,Black
Vernee Watson,POC,Black
Veronica Berry,POC,Black
Veronica Falcón,POC,Hispanic
Veronica Webb,POC,Black
Vickilyn Reynolds,POC,Black
Vicky Lambert,POC,Black
Vico Escorcia,POC,Hispanic
Victor Cruz,POC,Hispanic
Victor Manso,POC,Hispanic
Victor Rasuk,POC,Hispanic
Victoria Cartagena,POC,Hispanic
Victoria Dillard,POC,Black
Victoria Gabrielle Platt,POC,Black
Victoria Genisce,POC,Black
Victoria Justice,POC,Hispanic
Victoria Rowell,POC,Black
Vienna Hehir,POC,Asian
Vincent Rodriguez III,POC,Asian
Viola Davis,POC,Black
Virginia Capers,POC,Black
Vivian Oparah,POC,Black
Vivica A. Fox,POC,Black
Vivicca A. Whitsett,POC,Black
Vonetta McGee,POC,Black
Wagner Moura,POC,Hispanic
Walter Perez,POC,Hispanic
Walter Salles,POC,Hispanic
Wanda Sykes,POC,Black
Wanjiru M. Njendu,POC,Black
Wei Zhao,POC,Asian
Wen Jiang,POC,Asian
Wendy Davis,POC,Black
Wendy Raquel Robinson,POC,Black
Wendy Williams,POC,Black
Wesley Snipes,POC,Black
Whitney Andrews,POC,Black
Whitney Houston,POC,Black
Whitney Peak,POC,Black
Whoopi Goldberg,POC,Black
Will Smith,POC,Black
Will.i.am,POC,Black
William Levy,POC,Hispanic
Willow Smith,POC,Black
Wilmer Calderon,POC,Hispanic
Wilmer Valderrama,POC,Hispanic
Wilson Cruz,POC,Hispanic
Windell Middlebrooks,POC,Black
Winnie Harlow,POC,Black
Wiz Khalifa,POC,Black
Won Bin,POC,Asian
Wulan Guritno,POC,Asian
Wunmi Mosaku,POC,Black
Wynter Daggs,POC,Black
Xochitl Gomez,POC,Hispanic
Xolo Maridueña,POC,Hispanic
Xosha Roquemore,POC,Black
Xzibit,POC,Black
Yamaneika Saunders,POC,Black
Yara Martinez,POC,Hispanic
Yara Shahidi,POC,Black
Yaya DaCosta,POC,Black
Yifei Liu,POC,Asian
Yolanda English,POC,Black
Yolanda T. Ross,POC,Black
Yolanda 'Yo-Yo' Whittaker,POC,Black
Yolonda Ross,POC,Black
Yun Choi,POC,Asian
Yunjin Kim,POC,Asian
Yvette Cason,POC,Black
Yvette Monreal,POC,Hispanic
Yvette Nicole Brown,POC,Black
Yvette Saunders,POC,Black
Yvette Wilson,POC,Black
Yvonna Kopacz Wright,POC,Black
Yvonne Huff,POC,Black
Yvonne Orji,POC,Black
Z.M. Nan Khan,POC,Black
Zabryna Guevara,POC,Black
Zandi Zim,POC,Black
Zara Cully,POC,Black
Zarinah Reed,POC,Black
Zazie Beetz,POC,Black
Zee James,POC,Black
Zenaida Telfair,POC,Black
Zendaya,POC,Black
Zenzi Williams,POC,Black
Zetna Fuentes,POC,Hispanic
Zoë Kravitz,POC,Black
Zoë Robins,POC,Black
Zoe Saldana,POC,Black
Zola Williams,POC,Black
Zondra Wilson,POC,Black
